{
  "train_loss": [
    0.010365150436544006,
    0.004813054666233263,
    0.0038407073388391456,
    0.003051495190321621,
    0.0023167788481973034,
    0.002216838923091866,
    0.002216851237013806,
    0.002099342199570726,
    0.001867460574632772,
    0.0017815365748191148,
    0.0016700843381860198,
    0.0016007203045532538,
    0.0016269768660589032,
    0.0016187222659215421,
    0.0014377100534198348,
    0.0013837373561913623,
    0.0013201718416387073,
    0.0013313499504610392,
    0.0012674178650624816,
    0.0014266713061953592,
    0.0012683505766074726,
    0.0011381363543005235,
    0.0011326540746643314
  ],
  "val_loss": [
    0.007064397284082903,
    0.003238759592441452,
    0.003722022739324013,
    0.0026703481976390574,
    0.0022253431434875724,
    0.0021782436372527456,
    0.0020414163227019644,
    0.0019361719876804025,
    0.0017888367128945724,
    0.0017150777933599415,
    0.001726240419904746,
    0.0016351468660447128,
    0.0017063385221029795,
    0.0017220984997736628,
    0.0014656813356311222,
    0.0013948470128810435,
    0.00147428839721268,
    0.0014629506358695022,
    0.0015446849339640133,
    0.0016054451874860545,
    0.0013910682965074565,
    0.0013619490031500927,
    0.0012996132799301665
  ]
}
