{
  "train_loss": [
    0.010454687081940094,
    0.00495287897698948,
    0.003894101726971527,
    0.0032011608452855284,
    0.0026248344838770725,
    0.002295498312414536,
    0.00213619629382213,
    0.002017618106307069,
    0.0020528350288037812,
    0.001856828093363933,
    0.0017743229918520166,
    0.001748213450183175,
    0.001713376806832948,
    0.0016914755444557023,
    0.0016827271389211389
  ],
  "val_loss": [
    0.0057485411506514004,
    0.004001591071361731,
    0.0029616976990496863,
    0.0025542509557271802,
    0.002223373091157211,
    0.0022021603707515153,
    0.0019837974173598427,
    0.0020384851868241335,
    0.0020850142130491005,
    0.001939896389883332,
    0.0018848740323585665,
    0.0018731990214304844,
    0.001844875477402086,
    0.0017793259899968295,
    0.0018971763456917215
  ]
}
